<?xml version="1.0" encoding="UTF-8"?>

<suite name = "Coursera">
		
	<test name = "Web Development Test">
		<parameter name = "reportName" value="Search Web Development Test"></parameter>
		<parameter name = "search" value="Web Development"></parameter>
	
		<classes>
			<class name = "com.QEA22CSDQE007_Team3_IdentifyCourses.TestSuite.TestCases"></class>
				<methods>
					<include name="searchWebDevelopmentTest"/> 
					<exclude name="searchLearningLanguageTest"/> 
					<exclude name="errorCaptureTest"/> 
				</methods>
		</classes>
	</test>
	
	<test name = "Learning Language Test">
		<parameter name = "reportName" value="Search Learning Language Test"></parameter>
		<parameter name = "search" value="Learning Language"></parameter>
	
		<classes>
			<class name = "com.QEA22CSDQE007_Team3_IdentifyCourses.TestSuite.TestCases"></class>
				<methods>
					<exclude name="searchWebDevelopmentTest"/> 
					<include name="searchLearningLanguageTest"/> 
					<exclude name="errorCaptureTest"/> 
				</methods>
		</classes>
	</test>
	
	<test name = "Error Capture Test">
		<parameter name = "reportName" value="Error Capture Test in Campus page"></parameter>
	
		<classes>
			<class name = "com.QEA22CSDQE007_Team3_IdentifyCourses.TestSuite.TestCases"></class>
				<methods>
					<exclude name="searchWebDevelopmentTest"/> 
					<exclude name="searchLearningLanguageTest"/> 
					<include name="errorCaptureTest"/> 
				</methods>
		</classes>
	</test>
	
</suite><!-- Suite -->